{
  "best_model": "linear_regression",
  "comparison": {
    "linear_regression": {
      "mae": 0.792655733806511,
      "rmse": 0.9869433215879077,
      "r2": 0.9672568128460832
    },
    "random_forest": {
      "mae": 0.8250900681180223,
      "rmse": 1.0233754741314947,
      "r2": 0.9647948228150725
    }
  }
}